<?xml version="1.0" ?>
<ArrayOfAminoAcid xmlns:xsi="http://www.w3.org/2001/XMLSchema-instance" xmlns:xsd="http://www.w3.org/2001/XMLSchema">
<AminoAcid><Name>Alanine</Name><Symbol>A</Symbol><Abbreviation>Ala</Abbreviation><Composition>C(3) H(5) N O</Composition></AminoAcid>
<AminoAcid><Name>Cysteine</Name><Symbol>C</Symbol><Abbreviation>Cys</Abbreviation><Composition>C(3) H(5) N O S</Composition></AminoAcid>
<AminoAcid><Name>Aspartic Acid</Name><Symbol>D</Symbol><Abbreviation>Asp</Abbreviation><Composition>C(4) H(5) N O(3)</Composition></AminoAcid>
<AminoAcid><Name>Glutamic Acid</Name><Symbol>E</Symbol><Abbreviation>Glu</Abbreviation><Composition>C(5) H(7) N O(3)</Composition></AminoAcid>
<AminoAcid><Name>Phenylalanine</Name><Symbol>F</Symbol><Abbreviation>Phe</Abbreviation><Composition>C(9) H(9) N O</Composition></AminoAcid>
<AminoAcid><Name>Glycine</Name><Symbol>G</Symbol><Abbreviation>Gly</Abbreviation><Composition>C(2) H(3) N O</Composition></AminoAcid>
<AminoAcid><Name>Histidine</Name><Symbol>H</Symbol><Abbreviation>His</Abbreviation><Composition>C(6) H(7) N(3) O</Composition></AminoAcid>
<AminoAcid><Name>Isoleucine</Name><Symbol>I</Symbol><Abbreviation>Ile</Abbreviation><Composition>C(6) H(11) N O</Composition></AminoAcid>
<AminoAcid><Name>Lysine</Name><Symbol>K</Symbol><Abbreviation>Lys</Abbreviation><Composition>C(6) H(12) N(2) O</Composition></AminoAcid>
<AminoAcid><Name>Leucine</Name><Symbol>L</Symbol><Abbreviation>Leu</Abbreviation><Composition>C(6) H(11) N O</Composition></AminoAcid>
<AminoAcid><Name>Methionine</Name><Symbol>M</Symbol><Abbreviation>Met</Abbreviation><Composition>C(5) H(9) N O S</Composition></AminoAcid>
<AminoAcid><Name>Asparagine</Name><Symbol>N</Symbol><Abbreviation>Asn</Abbreviation><Composition>C(4) H(6) N(2) O(2)</Composition></AminoAcid>
<AminoAcid><Name>Proline</Name><Symbol>P</Symbol><Abbreviation>Pro</Abbreviation><Composition>C(5) H(7) N O</Composition></AminoAcid>
<AminoAcid><Name>Glutamine</Name><Symbol>Q</Symbol><Abbreviation>Gln</Abbreviation><Composition>C(5) H(8) N(2) O(2)</Composition></AminoAcid>
<AminoAcid><Name>Arginine</Name><Symbol>R</Symbol><Abbreviation>Arg</Abbreviation><Composition>C(6) H(12) N(4) O</Composition></AminoAcid>
<AminoAcid><Name>Serine</Name><Symbol>S</Symbol><Abbreviation>Ser</Abbreviation><Composition>C(3) H(5) N O(2)</Composition></AminoAcid>
<AminoAcid><Name>Threonine</Name><Symbol>T</Symbol><Abbreviation>Thr</Abbreviation><Composition>C(4) H(7) N O(2)</Composition></AminoAcid>
<AminoAcid><Name>Valine</Name><Symbol>V</Symbol><Abbreviation>Val</Abbreviation><Composition>C(5) H(9) N O</Composition></AminoAcid>
<AminoAcid><Name>Tryptophan</Name><Symbol>W</Symbol><Abbreviation>Trp</Abbreviation><Composition>C(11) H(10) N(2) O</Composition></AminoAcid>
<AminoAcid><Name>Tyrosine</Name><Symbol>Y</Symbol><Abbreviation>Tyr</Abbreviation><Composition>C(9) H(9) N O(2)</Composition></AminoAcid>
<AminoAcid><Name>N-Terminus</Name><Symbol>n</Symbol><Abbreviation>n  </Abbreviation><Composition>H</Composition></AminoAcid>
<AminoAcid><Name>C-Terminus</Name><Symbol>c</Symbol><Abbreviation>c  </Abbreviation><Composition>O H</Composition></AminoAcid>
</ArrayOfAminoAcid>
