<?xml version="1.0" ?>
<!-- Source: http://physics.nist.gov/cgi-bin/Compositions/stand_alone.pl?ele=&ascii=html&isotype=some -->
<ArrayOfAtomIsotope xmlns:xsi="http://www.w3.org/2001/XMLSchema-instance" xmlns:xsd="http://www.w3.org/2001/XMLSchema">
<AtomIsotope><Symbol>B</Symbol><IsoSymbol>10B</IsoSymbol><Name>Boron-10</Name><Mass>10.01293704</Mass><Abundance>0.1997</Abundance></AtomIsotope>
<AtomIsotope><Symbol>B</Symbol><IsoSymbol>11B</IsoSymbol><Name>Boron</Name><Mass>11.00930544</Mass><Abundance>0.8017</Abundance></AtomIsotope>
<AtomIsotope><Symbol>C</Symbol><IsoSymbol>12C</IsoSymbol><Name>Carbon</Name><Mass>12.000000000</Mass><Abundance>0.98938</Abundance></AtomIsotope>
<AtomIsotope><Symbol>C</Symbol><IsoSymbol>13C</IsoSymbol><Name>Carbon-13</Name><Mass>13.003354837810</Mass><Abundance>0.01078</Abundance></AtomIsotope>
<AtomIsotope><Symbol>N</Symbol><IsoSymbol>14N</IsoSymbol><Name>Nitrogen</Name><Mass>14.00307400486</Mass><Abundance>0.9963620</Abundance></AtomIsotope>
<AtomIsotope><Symbol>N</Symbol><IsoSymbol>15N</IsoSymbol><Name>Nitrogen-15</Name><Mass>15.00010889827</Mass><Abundance>0.0036420</Abundance></AtomIsotope>
<AtomIsotope><Symbol>O</Symbol><IsoSymbol>16O</IsoSymbol><Name>Oxygen</Name><Mass>15.9949146195616</Mass><Abundance>0.9975716</Abundance></AtomIsotope>
<AtomIsotope><Symbol>O</Symbol><IsoSymbol>17O</IsoSymbol><Name>Oxygen-17</Name><Mass>16.9991317012</Mass><Abundance>0.000381</Abundance></AtomIsotope>
<AtomIsotope><Symbol>O</Symbol><IsoSymbol>18O</IsoSymbol><Name>Oxygen-18</Name><Mass>17.99916107</Mass><Abundance>0.0020514</Abundance></AtomIsotope>
<AtomIsotope><Symbol>F</Symbol><IsoSymbol>19F</IsoSymbol><Name>Fluorine</Name><Mass>18.998403207</Mass><Abundance>1</Abundance></AtomIsotope>
<AtomIsotope><Symbol>H</Symbol><IsoSymbol>1H</IsoSymbol><Name>Hydrogen</Name><Mass>1.0078250320710</Mass><Abundance>0.9998570</Abundance></AtomIsotope>
<AtomIsotope><Symbol>Ne</Symbol><IsoSymbol>20Ne</IsoSymbol><Name>Neon</Name><Mass>19.992435000</Mass><Abundance>0.904800000000</Abundance></AtomIsotope>
<AtomIsotope><Symbol>Ne</Symbol><IsoSymbol>21Ne</IsoSymbol><Name>Neon-21</Name><Mass>20.993843000</Mass><Abundance>0.002700000000</Abundance></AtomIsotope>
<AtomIsotope><Symbol>Ne</Symbol><IsoSymbol>22Ne</IsoSymbol><Name>Neon-22</Name><Mass>21.991383000</Mass><Abundance>0.092500000000</Abundance></AtomIsotope>
<AtomIsotope><Symbol>Na</Symbol><IsoSymbol>23Na</IsoSymbol><Name>Sodium</Name><Mass>22.989769672</Mass><Abundance>1</Abundance></AtomIsotope>
<AtomIsotope><Symbol>H</Symbol><IsoSymbol>2H</IsoSymbol><Name>Deuterium</Name><Mass>2.01410177784</Mass><Abundance>0.00011570</Abundance></AtomIsotope>
<AtomIsotope><Symbol>P</Symbol><IsoSymbol>31P</IsoSymbol><Name>Phosphorus</Name><Mass>30.973761512</Mass><Abundance>1</Abundance></AtomIsotope>
<AtomIsotope><Symbol>S</Symbol><IsoSymbol>32S</IsoSymbol><Name>Sulfur</Name><Mass>31.972070691</Mass><Abundance>0.949331000000</Abundance></AtomIsotope>
<AtomIsotope><Symbol>S</Symbol><IsoSymbol>33S</IsoSymbol><Name>Sulfur-33</Name><Mass>32.971458501</Mass><Abundance>0.007620000000</Abundance></AtomIsotope>
<AtomIsotope><Symbol>S</Symbol><IsoSymbol>34S</IsoSymbol><Name>Sulfur-34</Name><Mass>33.967866831</Mass><Abundance>0.042928000000</Abundance></AtomIsotope>
<AtomIsotope><Symbol>Cl</Symbol><IsoSymbol>35Cl</IsoSymbol><Name>Chloride</Name><Mass>34.968852714</Mass><Abundance>0.757814</Abundance></AtomIsotope>
<AtomIsotope><Symbol>S</Symbol><IsoSymbol>36S</IsoSymbol><Name>Sulfur-36</Name><Mass>35.967080882</Mass><Abundance>0.00021</Abundance></AtomIsotope>
<AtomIsotope><Symbol>Cl</Symbol><IsoSymbol>37Cl</IsoSymbol><Name>Chloride-37</Name><Mass>36.965902605</Mass><Abundance>0.24224</Abundance></AtomIsotope>
<AtomIsotope><Symbol>K</Symbol><IsoSymbol>39K</IsoSymbol><Name>Potassium</Name><Mass>38.963706930</Mass><Abundance>0.93258144</Abundance></AtomIsotope>
<AtomIsotope><Symbol>He</Symbol><IsoSymbol>3He</IsoSymbol><Name>Helium-3</Name><Mass>3.016029310</Mass><Abundance>0.000001373</Abundance></AtomIsotope>
<AtomIsotope><Symbol>K</Symbol><IsoSymbol>40K</IsoSymbol><Name>Potassium-40</Name><Mass>39.963998673</Mass><Abundance>0.0001171</Abundance></AtomIsotope>
<AtomIsotope><Symbol>K</Symbol><IsoSymbol>41K</IsoSymbol><Name>Potassium-41</Name><Mass>40.961825973</Mass><Abundance>0.06730244</Abundance></AtomIsotope>
<AtomIsotope><Symbol>He</Symbol><IsoSymbol>4He</IsoSymbol><Name>Helium</Name><Mass>4.002603250</Mass><Abundance>0.999998633000</Abundance></AtomIsotope>
<AtomIsotope><Symbol>Mn</Symbol><IsoSymbol>55Mn</IsoSymbol><Name>Manganese</Name><Mass>54.938049614</Mass><Abundance>1</Abundance></AtomIsotope>
<AtomIsotope><Symbol>Li</Symbol><IsoSymbol>6Li</IsoSymbol><Name>Lithium-6</Name><Mass>6.015121</Mass><Abundance>0.075</Abundance></AtomIsotope>
<AtomIsotope><Symbol>Li</Symbol><IsoSymbol>7Li</IsoSymbol><Name>Lithium</Name><Mass>7.016003</Mass><Abundance>0.925000000000</Abundance></AtomIsotope>
<AtomIsotope><Symbol>Be</Symbol><IsoSymbol>9Be</IsoSymbol><Name>Beryllium</Name><Mass>9.012182</Mass><Abundance>1</Abundance></AtomIsotope>
<AtomIsotope><Symbol>e</Symbol><IsoSymbol>e</IsoSymbol><Name>Electron</Name><Mass>0.00054857990927</Mass><Abundance>1</Abundance></AtomIsotope>
<AtomIsotope><Symbol>p</Symbol><IsoSymbol>p</IsoSymbol><Name>Proton</Name><Mass>1.0072764668813</Mass><Abundance>1</Abundance></AtomIsotope>
</ArrayOfAtomIsotope>