<?xml version="1.0" ?>
<ArrayOfFragmentType xmlns:xsi="http://www.w3.org/2001/XMLSchema-instance" xmlns:xsd="http://www.w3.org/2001/XMLSchema">
<FragmentType><FragmentTypeID>1</FragmentTypeID><FragmentClass>Y_IONS</FragmentClass><Label>y#</Label><Composition>H</Composition><MatchExpression>^[AC-IK-NP-TVWY]+c$</MatchExpression><Terminus>C</Terminus></FragmentType>
<FragmentType><FragmentTypeID>2</FragmentTypeID><FragmentClass>Y_IONS</FragmentClass><Label>y#*</Label><Composition>N(-1) H(-2)</Composition><MatchExpression>^[AC-IK-NP-TVWY]*[RKNQ]+[AC-IK-NP-TVWY]*c$</MatchExpression><Terminus>C</Terminus></FragmentType>
<FragmentType><FragmentTypeID>3</FragmentTypeID><FragmentClass>Y_IONS</FragmentClass><Label>y#o</Label><Composition>O(-1) H(-1)</Composition><MatchExpression>^[AC-IK-NP-TVWY]*[STED]+[AC-IK-NP-TVWY]*c$</MatchExpression><Terminus>C</Terminus></FragmentType>
<FragmentType><FragmentTypeID>7</FragmentTypeID><FragmentClass>B_IONS</FragmentClass><Label>b#</Label><Composition>H(-1)</Composition><MatchExpression>^n[AC-IK-NP-TVWY]+$</MatchExpression><Terminus>N</Terminus></FragmentType>
<FragmentType><FragmentTypeID>8</FragmentTypeID><FragmentClass>B_IONS</FragmentClass><Label>b#*</Label><Composition>N(-1) H(-4)</Composition><MatchExpression>^n[AC-IK-NP-TVWY]*[RKNQ]+[AC-IK-NP-TVWY]*$</MatchExpression><Terminus>N</Terminus></FragmentType>
<FragmentType><FragmentTypeID>9</FragmentTypeID><FragmentClass>B_IONS</FragmentClass><Label>b#o</Label><Composition>H(-3) O(-1)</Composition><MatchExpression>^n[AC-IK-NP-TVWY]*[STED]+[AC-IK-NP-TVWY]*$</MatchExpression><Terminus>N</Terminus></FragmentType>
<FragmentType><FragmentTypeID>13</FragmentTypeID><FragmentClass>A_IONS</FragmentClass><Label>a#</Label><Composition>C O H(-1)</Composition><MatchExpression>^n[AC-IK-NP-TVWY]+$</MatchExpression><Terminus>N</Terminus></FragmentType>
<FragmentType><FragmentTypeID>14</FragmentTypeID><FragmentClass>A_IONS</FragmentClass><Label>a#*</Label><Composition>C O N H(2)</Composition><MatchExpression>^n[AC-IK-NP-TVWY]*[RKNQ]+[AC-IK-NP-TVWY]*$</MatchExpression><Terminus>N</Terminus></FragmentType>
<FragmentType><FragmentTypeID>15</FragmentTypeID><FragmentClass>A_IONS</FragmentClass><Label>a#o</Label><Composition>C O(2) H(1)</Composition><MatchExpression>^n[AC-IK-NP-TVWY]*[STED]+[AC-IK-NP-TVWY]*$</MatchExpression><Terminus>N</Terminus></FragmentType>
</ArrayOfFragmentType>
