<?xml version="1.0" ?>
<ArrayOfInstrument xmlns:xsi="http://www.w3.org/2001/XMLSchema-instance" xmlns:xsd="http://www.w3.org/2001/XMLSchema">
<Instrument><InstrumentID>0</InstrumentID><InstrumentName>ESI-QUAD</InstrumentName></Instrument>
<Instrument><InstrumentID>1</InstrumentID><InstrumentName>ESI-TRAP</InstrumentName></Instrument>
<Instrument><InstrumentID>2</InstrumentID><InstrumentName>ESI-FTICR</InstrumentName></Instrument>
<Instrument><InstrumentID>3</InstrumentID><InstrumentName>MALDI-TOF-TOF</InstrumentName></Instrument>
</ArrayOfInstrument>
