<?xml version="1.0" ?>
<ArrayOfInstrumentFragmentXRef xmlns:xsi="http://www.w3.org/2001/XMLSchema-instance" xmlns:xsd="http://www.w3.org/2001/XMLSchema">
<InstrumentFragmentXRef><InstrumentID>0</InstrumentID><FragmentTypeID>1</FragmentTypeID></InstrumentFragmentXRef>
<InstrumentFragmentXRef><InstrumentID>0</InstrumentID><FragmentTypeID>2</FragmentTypeID></InstrumentFragmentXRef>
<InstrumentFragmentXRef><InstrumentID>0</InstrumentID><FragmentTypeID>3</FragmentTypeID></InstrumentFragmentXRef>
<InstrumentFragmentXRef><InstrumentID>0</InstrumentID><FragmentTypeID>7</FragmentTypeID></InstrumentFragmentXRef>
<InstrumentFragmentXRef><InstrumentID>0</InstrumentID><FragmentTypeID>8</FragmentTypeID></InstrumentFragmentXRef>
<InstrumentFragmentXRef><InstrumentID>0</InstrumentID><FragmentTypeID>9</FragmentTypeID></InstrumentFragmentXRef>
<InstrumentFragmentXRef><InstrumentID>1</InstrumentID><FragmentTypeID>1</FragmentTypeID></InstrumentFragmentXRef>
<InstrumentFragmentXRef><InstrumentID>1</InstrumentID><FragmentTypeID>2</FragmentTypeID></InstrumentFragmentXRef>
<InstrumentFragmentXRef><InstrumentID>1</InstrumentID><FragmentTypeID>3</FragmentTypeID></InstrumentFragmentXRef>
<InstrumentFragmentXRef><InstrumentID>1</InstrumentID><FragmentTypeID>7</FragmentTypeID></InstrumentFragmentXRef>
<InstrumentFragmentXRef><InstrumentID>1</InstrumentID><FragmentTypeID>8</FragmentTypeID></InstrumentFragmentXRef>
<InstrumentFragmentXRef><InstrumentID>1</InstrumentID><FragmentTypeID>9</FragmentTypeID></InstrumentFragmentXRef>
<InstrumentFragmentXRef><InstrumentID>2</InstrumentID><FragmentTypeID>1</FragmentTypeID></InstrumentFragmentXRef>
<InstrumentFragmentXRef><InstrumentID>2</InstrumentID><FragmentTypeID>2</FragmentTypeID></InstrumentFragmentXRef>
<InstrumentFragmentXRef><InstrumentID>2</InstrumentID><FragmentTypeID>3</FragmentTypeID></InstrumentFragmentXRef>
<InstrumentFragmentXRef><InstrumentID>2</InstrumentID><FragmentTypeID>7</FragmentTypeID></InstrumentFragmentXRef>
<InstrumentFragmentXRef><InstrumentID>2</InstrumentID><FragmentTypeID>8</FragmentTypeID></InstrumentFragmentXRef>
<InstrumentFragmentXRef><InstrumentID>2</InstrumentID><FragmentTypeID>9</FragmentTypeID></InstrumentFragmentXRef>
<InstrumentFragmentXRef><InstrumentID>3</InstrumentID><FragmentTypeID>1</FragmentTypeID></InstrumentFragmentXRef>
<InstrumentFragmentXRef><InstrumentID>3</InstrumentID><FragmentTypeID>2</FragmentTypeID></InstrumentFragmentXRef>
<InstrumentFragmentXRef><InstrumentID>3</InstrumentID><FragmentTypeID>3</FragmentTypeID></InstrumentFragmentXRef>
<InstrumentFragmentXRef><InstrumentID>3</InstrumentID><FragmentTypeID>7</FragmentTypeID></InstrumentFragmentXRef>
<InstrumentFragmentXRef><InstrumentID>3</InstrumentID><FragmentTypeID>8</FragmentTypeID></InstrumentFragmentXRef>
<InstrumentFragmentXRef><InstrumentID>3</InstrumentID><FragmentTypeID>9</FragmentTypeID></InstrumentFragmentXRef>
<InstrumentFragmentXRef><InstrumentID>3</InstrumentID><FragmentTypeID>13</FragmentTypeID></InstrumentFragmentXRef>
<InstrumentFragmentXRef><InstrumentID>3</InstrumentID><FragmentTypeID>14</FragmentTypeID></InstrumentFragmentXRef>
<InstrumentFragmentXRef><InstrumentID>3</InstrumentID><FragmentTypeID>15</FragmentTypeID></InstrumentFragmentXRef>
</ArrayOfInstrumentFragmentXRef>
